badge_id,employee_id,door_id,timestamp,direction
BDG-6148,EMP-0105,D-LOBBY,2026-08-14 06:02:11Z,OUT
BDG-1042,EMP-0005,D-LOBBY,2026-08-14 07:52:16Z,IN
BDG-3625,EMP-0086,D-LOBBY,2026-08-14 08:01:37Z,IN
BDG-3310,EMP-0018,D-LOBBY,2026-08-14 08:05:29Z,IN
BDG-2205,EMP-0047,D-LOBBY,2026-08-14 08:12:44Z,IN
BDG-2205,EMP-0047,D-EXEC-3F,2026-08-14 08:15:28Z,IN
BDG-0759,EMP-0023,D-LOBBY,2026-08-14 08:28:14Z,IN
BDG-5120,EMP-0039,D-LOBBY,2026-08-14 08:33:51Z,IN
BDG-4471,EMP-0092,D-LOBBY,2026-08-14 08:41:06Z,IN
BDG-4003,EMP-0064,D-LOBBY,2026-08-14 08:47:41Z,IN
BDG-0088,EMP-0011,D-LOBBY,2026-08-14 08:55:15Z,IN
BDG-0113,EMP-0031,D-LOBBY,2026-08-14 09:03:48Z,IN
BDG-2876,EMP-0052,D-LOBBY,2026-08-14 09:10:35Z,IN
BDG-1987,EMP-0071,D-LOBBY,2026-08-14 09:22:05Z,IN
BDG-3310,EMP-0018,D-SERVER,2026-08-14 09:36:07Z,IN
BDG-1042,EMP-0005,D-EXEC-3F,2026-08-14 10:03:43Z,IN
BDG-3310,EMP-0018,D-SERVER,2026-08-14 10:21:37Z,OUT
BDG-1042,EMP-0005,D-EXEC-3F,2026-08-14 11:17:56Z,OUT
BDG-1987,EMP-0071,D-LOBBY,2026-08-14 12:08:54Z,OUT
BDG-0759,EMP-0023,D-LOBBY,2026-08-14 12:12:22Z,OUT
BDG-2876,EMP-0052,D-LOBBY,2026-08-14 12:23:17Z,OUT
BDG-0759,EMP-0023,D-LOBBY,2026-08-14 12:54:45Z,IN
BDG-1987,EMP-0071,D-LOBBY,2026-08-14 12:55:19Z,IN
BDG-2876,EMP-0052,D-LOBBY,2026-08-14 13:02:17Z,IN
BDG-4003,EMP-0064,D-STAIRWELL-B,2026-08-14 13:48:37Z,IN
BDG-4003,EMP-0064,D-STAIRWELL-B,2026-08-14 13:51:40Z,OUT
BDG-0113,EMP-0031,D-SERVER,2026-08-14 14:10:38Z,IN
BDG-0113,EMP-0031,D-SERVER,2026-08-14 15:02:06Z,OUT
BDG-0088,EMP-0011,D-STAIRWELL-B,2026-08-14 16:40:55Z,IN
BDG-0088,EMP-0011,D-STAIRWELL-B,2026-08-14 16:44:41Z,OUT
BDG-4003,EMP-0064,D-LOBBY,2026-08-14 16:49:04Z,OUT
BDG-3310,EMP-0018,D-LOBBY,2026-08-14 17:12:43Z,OUT
BDG-1042,EMP-0005,D-LOBBY,2026-08-14 17:31:18Z,OUT
BDG-0759,EMP-0023,D-LOBBY,2026-08-14 17:45:55Z,OUT
BDG-2876,EMP-0052,D-LOBBY,2026-08-14 17:58:42Z,OUT
BDG-4471,EMP-0092,D-LOBBY,2026-08-14 18:07:39Z,OUT
BDG-5120,EMP-0039,D-LOBBY,2026-08-14 18:20:40Z,OUT
BDG-1987,EMP-0071,D-LOBBY,2026-08-14 18:41:17Z,OUT
BDG-3625,EMP-0086,D-LOBBY,2026-08-14 19:14:59Z,OUT
BDG-2205,EMP-0047,D-EXEC-3F,2026-08-14 19:52:57Z,OUT
BDG-4471,EMP-0092,D-LOBBY,2026-08-14 21:47:03Z,IN
BDG-4471,EMP-0092,D-LOBBY,2026-08-14 22:14:58Z,OUT
BDG-2205,EMP-0047,D-EXEC-3F,2026-08-14 22:31:12Z,IN
BDG-0113,EMP-0031,D-SERVER,2026-08-14 22:44:07Z,IN
BDG-0113,EMP-0031,D-SERVER,2026-08-14 23:07:44Z,OUT
BDG-2205,EMP-0047,D-EXEC-3F,2026-08-14 23:22:56Z,OUT
BDG-4471,EMP-0092,D-LOBBY,2026-08-14 23:41:29Z,IN
BDG-0088,EMP-0011,D-STAIRWELL-B,2026-08-14 23:52:07Z,IN
BDG-0088,EMP-0011,D-STAIRWELL-B,2026-08-15 00:03:14Z,OUT
BDG-4471,EMP-0092,D-LOBBY,2026-08-15 00:11:33Z,OUT
